{"stats":{"minecraft:killed_by":{"minecraft:spider":1},"minecraft:mined":{"minecraft:grass":12,"minecraft:grass_block":3,"minecraft:dirt":5,"minecraft:tall_grass":5},"minecraft:custom":{"minecraft:time_since_rest":1151,"minecraft:deaths":1,"minecraft:crouch_one_cm":170,"minecraft:sprint_one_cm":22515,"minecraft:play_time":22638,"minecraft:damage_taken":385,"minecraft:walk_one_cm":40624,"minecraft:sneak_time":63,"minecraft:jump":246,"minecraft:damage_dealt":10,"minecraft:leave_game":1,"minecraft:time_since_death":1118,"minecraft:total_world_time":22638,"minecraft:fall_one_cm":11313,"minecraft:fly_one_cm":34473},"minecraft:used":{"minecraft:rotten_flesh":1,"minecraft:dirt":24,"minecraft:egg":4},"minecraft:picked_up":{"minecraft:feather":2,"minecraft:chicken":1,"minecraft:rotten_flesh":2,"minecraft:wheat_seeds":1,"minecraft:dirt":26,"minecraft:egg":4}},"DataVersion":3465}