{"stats":{"minecraft:killed_by":{"minecraft:spider":1},"minecraft:mined":{"minecraft:grass":12,"minecraft:grass_block":3,"minecraft:dirt":5,"minecraft:tall_grass":5},"minecraft:custom":{"minecraft:time_since_rest":13151,"minecraft:deaths":1,"minecraft:crouch_one_cm":170,"minecraft:sprint_one_cm":36998,"minecraft:play_time":34638,"minecraft:damage_taken":425,"minecraft:walk_one_cm":49976,"minecraft:sneak_time":63,"minecraft:jump":363,"minecraft:damage_dealt":10,"minecraft:leave_game":1,"minecraft:time_since_death":13118,"minecraft:total_world_time":34638,"minecraft:fall_one_cm":15191,"minecraft:fly_one_cm":57726},"minecraft:used":{"minecraft:rotten_flesh":1,"minecraft:dirt":24,"minecraft:oak_sapling":1,"minecraft:egg":4},"minecraft:picked_up":{"minecraft:stick":3,"minecraft:feather":2,"minecraft:chicken":1,"minecraft:rotten_flesh":2,"minecraft:wheat_seeds":1,"minecraft:white_tulip":3,"minecraft:oak_log":2,"minecraft:oak_sapling":1,"minecraft:dirt":26,"minecraft:egg":4}},"DataVersion":3465}