{"stats":{"minecraft:mined":{"minecraft:grass":12,"minecraft:grass_block":1,"minecraft:dirt":2,"minecraft:tall_grass":5},"minecraft:custom":{"minecraft:time_since_rest":10638,"minecraft:crouch_one_cm":106,"minecraft:sprint_one_cm":12321,"minecraft:play_time":10638,"minecraft:damage_taken":55,"minecraft:walk_one_cm":30667,"minecraft:sneak_time":56,"minecraft:jump":132,"minecraft:leave_game":1,"minecraft:time_since_death":10562,"minecraft:total_world_time":10638,"minecraft:fall_one_cm":2921,"minecraft:fly_one_cm":9668},"minecraft:used":{"minecraft:rotten_flesh":1,"minecraft:dirt":21,"minecraft:egg":2},"minecraft:picked_up":{"minecraft:feather":2,"minecraft:chicken":1,"minecraft:rotten_flesh":2,"minecraft:wheat_seeds":1,"minecraft:dirt":21,"minecraft:egg":2}},"DataVersion":3465}