{"stats":{"minecraft:killed_by":{"minecraft:spider":1},"minecraft:mined":{"minecraft:grass":14,"minecraft:grass_block":4,"minecraft:dirt":5,"minecraft:tall_grass":5},"minecraft:custom":{"minecraft:time_since_rest":18181,"minecraft:damage_taken":425,"minecraft:crouch_one_cm":185,"minecraft:play_time":39668,"minecraft:sprint_one_cm":38763,"minecraft:deaths":1,"minecraft:walk_one_cm":57762,"minecraft:sneak_time":444,"minecraft:walk_under_water_one_cm":953,"minecraft:jump":382,"minecraft:damage_dealt":10,"minecraft:leave_game":1,"minecraft:walk_on_water_one_cm":856,"minecraft:time_since_death":18148,"minecraft:total_world_time":39668,"minecraft:fall_one_cm":15191,"minecraft:fly_one_cm":197092},"minecraft:used":{"minecraft:rotten_flesh":1,"minecraft:dirt":25,"minecraft:white_tulip":3,"minecraft:oak_sapling":1,"minecraft:egg":4},"minecraft:picked_up":{"minecraft:stick":3,"minecraft:feather":2,"minecraft:chicken":1,"minecraft:rotten_flesh":2,"minecraft:wheat_seeds":1,"minecraft:white_tulip":3,"minecraft:oak_log":2,"minecraft:oak_sapling":1,"minecraft:dirt":27,"minecraft:egg":4}},"DataVersion":3465}