{"stats":{"minecraft:picked_up":{"minecraft:red_sand":3,"minecraft:rabbit_hide":1,"minecraft:hay_block":3,"minecraft:sand":2,"minecraft:rabbit":1,"minecraft:sugar_cane":9},"minecraft:used":{"minecraft:red_sand":3,"minecraft:sand":2,"minecraft:bread":3},"minecraft:custom":{"minecraft:open_barrel":5,"minecraft:open_chest":2,"minecraft:time_since_rest":5147,"minecraft:play_time":16598,"minecraft:sprint_one_cm":38284,"minecraft:damage_taken":117,"minecraft:walk_one_cm":101092,"minecraft:sneak_time":128,"minecraft:walk_under_water_one_cm":8580,"minecraft:jump":267,"minecraft:damage_dealt":14,"minecraft:leave_game":2,"minecraft:time_since_death":16598,"minecraft:walk_on_water_one_cm":4434,"minecraft:sleep_in_bed":1,"minecraft:total_world_time":16598,"minecraft:swim_one_cm":2605,"minecraft:interact_with_crafting_table":1,"minecraft:fall_one_cm":5766,"minecraft:fly_one_cm":50347},"minecraft:mined":{"minecraft:hay_block":3,"minecraft:red_sand":2,"minecraft:sand":2,"minecraft:sugar_cane":3},"minecraft:crafted":{"minecraft:bread":6,"minecraft:wheat":18}},"DataVersion":4082}