{"stats":{"minecraft:used":{"minecraft:red_sand":3,"minecraft:sand":2,"minecraft:bread":5},"minecraft:picked_up":{"minecraft:stick":2,"minecraft:red_sand":3,"minecraft:rabbit_hide":1,"minecraft:hay_block":3,"minecraft:sand":2,"minecraft:oak_log":5,"minecraft:rabbit":1,"minecraft:sugar_cane":9},"minecraft:custom":{"minecraft:open_barrel":5,"minecraft:open_chest":2,"minecraft:time_since_rest":9536,"minecraft:play_time":20987,"minecraft:sprint_one_cm":62710,"minecraft:damage_taken":267,"minecraft:walk_one_cm":126531,"minecraft:sneak_time":166,"minecraft:walk_under_water_one_cm":12119,"minecraft:jump":333,"minecraft:damage_dealt":104,"minecraft:leave_game":3,"minecraft:time_since_death":20987,"minecraft:walk_on_water_one_cm":6262,"minecraft:sleep_in_bed":1,"minecraft:total_world_time":20987,"minecraft:swim_one_cm":5310,"minecraft:interact_with_crafting_table":1,"minecraft:fall_one_cm":8125,"minecraft:fly_one_cm":66446},"minecraft:mined":{"minecraft:hay_block":3,"minecraft:red_sand":2,"minecraft:oak_log":5,"minecraft:flowering_azalea_leaves":1,"minecraft:dead_bush":1,"minecraft:sand":2,"minecraft:sugar_cane":3},"minecraft:crafted":{"minecraft:bread":6,"minecraft:wheat":18}},"DataVersion":4082}